Endpoint,All Features (6647),Top-500 (ANOVA),Semantic (LLM)
Ames Mutagenicity,0.7589285714285714,0.7018849206349206,0.6939484126984127
Carcinogenicity,0.6666666666666666,0.6666666666666666,0.7916666666666667
LD50 (Acute Toxicity),0.8393429487179487,0.8245192307692307,0.6967147435897436
