Strategy,Mean AUC,Median AUC,Mean Delta,Pct Improved
cooccur_frac_threshold,0.8694405128011212,0.8809470198675498,0.00035505289307323344,64.61538461538461
cooccur_frac_marginalized,0.8674250315201222,0.8783443708609272,-0.001660428387925731,44.61538461538462
ig_threshold,0.8672133587843294,0.8826058823529411,-0.0018721011237185802,61.53846153846154
model_mi_threshold,0.8671344610997455,0.8809470198675498,-0.0019509988083023673,50.76923076923077
model_mi_marginalized,0.8660772393089092,0.8783443708609272,-0.00300822059913863,38.46153846153847
data_mi_threshold,0.8660631863179814,0.8769882352941176,-0.003022273590066585,44.61538461538462
ig_marginalized,0.8653197897706447,0.8837094017094017,-0.0037656701374032967,38.46153846153847
data_mi_marginalized,0.8647670948824343,0.8775588235294117,-0.004318365025613701,29.230769230769234
